"Index","First Name","Last Name","Date Of Birth","Height","Weight","Small Shirt Size","Medium Shirt Size","Large Shirt Size","Hair Color"
"0001","Raphael","Blumenthal","07.12.1929","179","95","","X","","Blonde"
"0002","Dany","Bär","03.06.1985","181","93","","X","","Black"
"0003","Candice","Schaich","26.02.1991","171","74","","X","","Black"
"0004","Janosch","Schick","11.07.1935","165","73","X","","","Red"
"0005","Alessio","Weber","30.07.1965","178","80","","X","","Grey"
"0006","Kreshnik","Süss","22.02.1971","189","89","","","X","Blonde"
"0007","Edon","Fisler","06.10.1957","175","83","","X","","Black"
"0008","Vera","Gambacciani","04.12.1952","169","66","","X","","Grey"
"0009","CLELIA","Jordi","04.08.1927","180","90","","X","","Blonde"
"0010","Arbnora","Züst-Gericke","02.09.1955","174","82","","X","","Brown"
"0011","MAEL","Sigrist","25.11.1991","166","75","X","","","Grey"
"0012","Sinan","Speck","05.01.1908","173","74","","X","","Blonde"
"0013","Artan","Barmettler","01.05.73","174","69","","X","","Brown"
"0014","Roman","Horváth","21.10.32","168","68","","X","","Blonde"
"0015","Dafina","Stählin","02.05.78","167","77","X","","","Grey"
"0016","Tessa","Seitler","02.06.1939","177","91","","X","","Brown"
"0017","Michaela","Walpoth","10.01.1912","185","80","","","X","Grey"
"0018","Leila","Spengler","26.04.1939","186","96","","","X","Grey"
"0019","Valentin","Rothenfluh","30.11.1952","160","61","X","","","Blonde"
"0020","Victor","Beytekin","05.01.1926","157","79","X","","","Red"
"0021","Cheyenne","Hohmann Maey","03.02.1925","177","78","","X","","Brown"
"0022","Laurane","Bienek","09.05.1914","178","75","","X","","Grey"
"0023","Dan","Teodoru","10.04.1977","165","60","X","","","Grey"
"0024","Yohan","Kirstein","22.07.1963","176","73","","X","","Grey"
,"Dan","Teodoru",,,,,
"0025","Svenja","Manni","28.04.1922","192","84","","","X","Red"
"0026","Ardit","Seitler","15.09.1978","164","73","X","","","Blonde"
"0027","Kerstin","Sauter","24.02.1917","179","105","","X","","Black"
,"Matthieu","Suter",,,,,
"0028","Paola","Wobmann","25.06.1959","172","76","","X","","Blonde"
,"Antonin","Eyholzer",,,,,
"0029","Leotrim","Jenny","24.01.1969","169","75","","X","","Black"
"0030","Lazar","Züllig","11.09.1958","168","75","","X","","Brown"
"0031","Chantal","Stäheli","20.11.1938","170","85","","X","","Brown"
"0032","Miriam","Futter","02.05.1990","170","83","","X","","Grey"
"0033","Sarah","Simon","06.07.1900","172","95","","X","","Blonde"
"0034","Killian","Wyttenbach","25.09.1901","170","71","","X","","Grey"
"0035","Luan","Balmer-Schiltknecht","17.11.1926","171","81","","X","","Black"
"0036","Ralph","Graf","26.03.1978","174","80","","X","","Grey"
"0037","Vivien","Singer","13.08.22","178","64","","X","","Red"
"0038","VALENTINE","Diener","20.01.1916","165","70","X","","","Red"
"0039","Fabrizio","Schneider","26.07.1954","174","80","","X","","Red"
"0040","Dorentina","Battegay","08.09.1966","180","73","","X","","Black"
"0041","Astrid","Burger","25.04.1910","178","84","","X","","Red"
"0042","Bryan","Bernegger-Kobel","16.03.01","171","77","","X","","Blonde"
,"Wendy","Kurtulmus",,,,,
"0043","Francesca","Cucuz","15.07.1908","172","75","","X","","Black"
"0044","Charline","Ling","17.07.1905","186","93","","","X","Brown"
"0045","Flavia","Letzkus","31.12.1982","161","83","X","","","Blonde"
"0046","Paula","Bührig","24.06.1915","172","82","","X","","Blonde"
"0047","Selin","Glaser","07.10.1939","168","50","","X","","Red"
"0048","Aylin","Grass","25.12.1924","170","63","","X","","Brown"
"0049","LUNA","Ruck","07.04.1904","179","82","","X","","Black"
"0050","Ana","Garibovic","06.07.1925","180","82","","X","","Red"
"0051","Laeticia","Hausherr","08.11.75","174","79","","X","","Grey"
"0052","Marius","Flepp","21.06.1965","182","87","","X","","Grey"
,"Mona","Schlieper",,,,,
"0053","Mohamed","Taras","05.09.1933","167","62","X","","","Grey"
"0054","Nerea","Ulcay","04.01.1970","185","91","","","X","Black"
"0055","Mirco","Seidler","28.02.1912","167","73","X","","","Red"
"0056","Angelica","Vontobel","09.07.1988","170","65","","X","","Blonde"
"0057","Antony","Kern","17.04.1976","167","77","X","","","Brown"
"0058","FLAVIA","Fix","03.02.1980","180","86","","X","","Red"
"0059","Nicola","Widmer-Urfer","26.05.1933","180","82","","X","","Grey"
"0060","DIMITRI","Winizki","22.10.1929","179","83","","X","","Grey"
"0061","JOHN","Gisin","10.03.1953","173","93","","X","","Red"
"0062","Mandy","Bachmann","26.05.1908","181","90","","X","","Grey"
"0063","Andreas","Winizki","12.05.1953","172","60","","X","","Grey"
"0064","Raffaela","Besker","18.12.49","167","75","X","","","Brown"
"0065","Natascha","Witzig","08.04.1934","178","88","","X","","Blonde"
"0066","Rayan","Cassee","25.04.1997","157","65","X","","","Grey"
"0067","Yassin","Helbling","10.11.1944","169","81","","X","","Black"
"0068","André","Bugmann","20.04.44","168","71","","X","","Blonde"
,"Ambra","Gisler",,,,,
"0069","Lukas","Gerber","21.10.1930","168","80","","X","","Brown"
"0070","Marcello","Beer","20.07.1904","189","79","","","X","Blonde"
,"Cloe","Mainberger",,,,,
"0071","TOM","Lüthy","07.12.1964","182","72","","X","","Blonde"
"0072","Michaela","Lauber","24.07.1953","174","71","","X","","Blonde"
,"Ilenia","Giger-Reich",,,,,
"0073","PATRICK","Horváth","20.10.1998","187","102","","","X","Red"
"0074","Pedro","Steinmann","06.06.1974","175","79","","X","","Grey"
"0075","Simona","Thiébaud","02.08.98","166","76","X","","","Grey"
"0076","Alejandro","Pfister","08.03.1907","169","84","","X","","Black"
"0077","Anton","Zryd","22.08.1987","179","88","","X","","Brown"
"0078","Anne","Jenzer","02.11.1906","171","71","","X","","Brown"
"0079","Vasco","Anken","09.10.1992","168","66","","X","","Black"
,"Lucie","Peske",,,,,
"0080","Elisa","Streich","31.08.1977","155","68","X","","","Black"
"0081","LEANA","Müller-Sekinger","30.01.1945","169","69","","X","","Grey"
"0082","Kristin","Meyer","14.03.1981","170","80","","X","","Grey"
"0083","Claudio","Zöbeli","10.03.1967","167","77","X","","","Grey"
"0084","Vivienne","Rutishauser","19.09.85","174","71","","X","","Blonde"
"0085","Valdrin","Schreyer","17.11.1947","174","76","","X","","Black"
"0086","Tomislav","Zuber","23.04.1930","173","78","","X","","Brown"
"0087","Noëlle","Furegati","06.05.1985","169","79","","X","","Brown"
"0088","Tina","Leitner","19.12.1999","173","78","","X","","Blonde"
"0089","Joyce","Vögele","21.02.1927","180","81","","X","","Black"
"0090","Donika","Feller","06.05.1972","170","68","","X","","Grey"
"0091","Danja","Greiner-Tschudi","20.11.1945","166","68","X","","","Black"
"0092","Marine","Hensch Frei","08.09.1966","182","94","","X","","Red"
"0093","Carmen","Bussmann Bolaños Carpio","16.01.1921","170","93","","X","","Blonde"
"0094","Natasha","Abt Tietje","06.08.1962","175","65","","X","","Brown"
"0095","Andrijana","Beytekin","23.10.1982","168","75","","X","","Red"
"0096","Chloe","Rabelbauer","08.04.1997","180","65","","X","","Red"
"0097","Nada","Spilimbergo","26.09.1954","168","68","","X","","Grey"
"0098","Adeline","Spitzbarth","22.09.1905","179","93","","X","","Brown"
"0099","Mikael","Graf Füchslin","04.02.1934","172","61","","X","","Grey"
"0100","Simeon","Stamm","08.03.1999","170","71","","X","","Red"
"0101","Antigona","Winiger","29.04.1975","165","69","X","","","Brown"
"0102","Fanny","Schudel","26.02.1967","178","78","","X","","Red"
"0103","Xenia","Castegnaro","02.03.1983","177","88","","X","","Red"
"0104","Marjorie","Marti","31.08.1965","177","78","","X","","Grey"
"0105","Sandy","Gerber","20.02.1999","160","61","X","","","Grey"
"0106","Thomas","Grüninger","05.10.1988","186","89","","","X","Black"
,"Shannon","Ziswiler",,,,,
"0107","Amanda","Keller","10.11.1911","162","60","X","","","Blonde"
"0108","SABRINA","Stamm","05.06.1972","174","78","","X","","Blonde"
"0109","Janis","Sangines","24.09.1939","176","70","","X","","Grey"
"0110","Lidia","Bätschmann","28.08.1940","170","83","","X","","Brown"
"0111","Élodie","Hänni-Etter","18.01.1988","159","61","X","","","Brown"
"0112","Sarina","Schudel","01.11.1914","179","72","","X","","Black"
"0113","Niklas","L'Orange Seigo","11.01.1991","161","64","X","","","Black"
"0114","DAVE","Maron","09.09.89","173","71","","X","","Gray"
"0115","Minh","Virag Jansen","16.04.1935","178","88","","X","","Brown"
"0116","Lirim","Wietlisbach","06.08.1998","161","61","X","","","Black"
"0117","Alba","Schoch","23.12.1975","168","88","","X","","Black"
,"Lidia","Bätschmann",,,,,
"0118","Jannick","Brugger","23.07.1998","170","82","","X","","Grey"
"0119","Laura","Gerosa","11.10.1903","176","86","","X","","Black"
,"Myriam","Maino",,,,,
"0120","Micha","Lamprecht","05.01.1973","171","75","","X","","Grey"
"0121","Joe","Lüthi","27.10.1964","167","84","X","","","Grey"
"0122","NIK","Rentsch","09.12.1968","178","92","","X","","Brown"
"0123","Stacy","Kämpfer","10.06.1957","173","98","","X","","Red"
"0124","MOHAMED","Negro","19.12.1977","183","78","","","X","Blonde"
"0125","Mohamed","Tschan","23.06.1977","175","73","","X","","Red"
"0126","Nicolas","Schleifer","13.03.53","167","66","X","","","Blonde"
"0127","Salvatore","Akyol","20.07.1905","178","71","","X","","Red"
"0128","RUBEN","Janett","18.12.1968","179","72","","X","","Brown"
"0129","Jérôme","Günthart","04.10.1908","168","71","","X","","Grey"
"0130","DEJAN","Ponti","28.05.1976","161","70","X","","","Brown"
"0131","Edouard","Gassmann","20.10.1973","165","69","X","","","Blonde"
"0132","OLIVER","Stoffel","15.01.1988","175","69","","X","","Blonde"
"0133","Ann","Milakovic","19.12.1924","171","63","","X","","Grey"
"0134","MERVE","Mahrer","03.05.32","170","66","","X","","Black"
"0135","Leroy","Trevisan","12.09.1939","171","77","","X","","Blonde"
"0136","DIANA","Zihlmann","20.03.1990","165","79","X","","","Blonde"
"0137","Ramona","Truffer","15.08.1911","181","100","","X","","Brown"
"0138","Nadja","Hoesch","25.07.1968","167","65","X","","","Grey"
"0139","Saranda","Jordi","08.12.1936","168","67","","X","","Black"
"0140","Lara","Rehsche","21.11.1979","170","61","","X","","Grey"
"0141","Emily","Suter Reich","20.12.1903","167","76","X","","","Brown"
"0142","MAYRA","Flubacher","30.11.1946","168","72","","X","","Brown"
"0143","Umut","Muhl","09.05.1962","169","77","","X","","Black"
"0144","Raphaela","Pitschen","26.01.1905","166","64","X","","","Blonde"
,"Leroy","Trevisan",,,,,
"0145","Quirin","Käser","25.05.1936","164","79","X","","","Blonde"
"0146","Nando","Greco","04.04.1993","174","81","","X","","Brown"
"0147","Osman","Pokerschnig","10.12.88","179","90","","X","","Red"
"0148","VANESA","Weyermann","19.06.59","178","63","","X","","Brown"
"0149","Tobias","Haas","09.08.1964","180","80","","X","","Brown"
"0150","Labinot","Gambacciani","28.08.1907","171","75","","X","","Blonde"
"0151","Philipp","Christoffel","16.01.94","174","90","","X","","Black"
"0152","Cheryl","Furegati","13.11.1928","165","55","X","","","Blonde"
"0153","YOHAN","L'Orange Seigo","25.07.1996","172","75","","X","","Blonde"
"0154","Micaela","Stäheli","09.04.1981","180","74","","X","","Red"
"0155","Alexander","Inauen","30.01.1989","178","83","","X","","Red"
"0156","Kenza","Huonker","28.04.1965","179","87","","X","","Blonde"
"0157","Elise","Venzin","20.05.1949","176","69","","X","","Brown"
"0158","Laurie","Braun","18.07.1903","175","85","","X","","Brown"
"0159","Nicolas","Federer","13.08.1920","176","85","","X","","Grey"
"0160","Besmir","Agazzi","06.12.1979","174","70","","X","","Grey"
"0161","Stefania","Traber","24.01.1940","175","81","","X","","Black"
"0162","Natascha","Gisin","24.06.1972","177","76","","X","","Grey"
"0163","Fabrice","Leuthard Zwald","06.04.48","167","73","X","","","Blonde"
"0164","Almedina","Wildberger","01.01.68","181","82","","X","","Gray"
"0165","Blerina","Brugger-Wendelspiess","14.12.1927","190","79","","","X","Grey"
,"Cem","Gentina",,,,,
"0166","Paul","Kräuchi","13.01.89","187","87","","","X","Grey"
"0167","Michel","Vogel","29.11.1985","167","61","X","","","Grey"
"0168","VANESA","Steinmann","01.06.1902","167","73","X","","","Brown"
"0169","Elma","Manni","23.04.1987","172","97","","X","","Grey"
"0170","Shkelqim","Rocco","16.08.1959","176","96","","X","","Brown"
"0171","Maurizio","Aubert","14.05.1912","178","83","","X","","Black"
"0172","Aurora","Donà","23.02.1957","178","66","","X","","Red"
"0173","Zeno","Bossart Bright","01.09.1918","168","63","","X","","Blonde"
"0174","Simea","Bagattini","31.07.1927","187","96","","","X","Brown"
"0175","Stefani","Erdem","07.04.1959","175","78","","X","","Blonde"
"0176","Katia","Linsi","24.05.1933","183","86","","","X","Red"
"0177","Guido","Maloberti","22.09.1979","172","87","","X","","Blonde"
"0178","Chris","Spiess","27.08.1993","174","97","","X","","Red"
"0179","VALERIE","Studer","08.12.1923","178","89","","X","","Blonde"
"0180","Svenja","Redzic","28.05.1927","159","58","X","","","Grey"
"0181","Rhea","Giger-Reich","01.10.1929","185","80","","","X","Black"
,"Ardian","Markarian",,,,,
"0182","Joanne","Schwab","01.04.1994","188","110","","","X","Red"
"0183","Mehmet","von Siebenthal","27.06.1935","169","69","","X","","Red"
"0184","Alice","Ogul","21.11.1993","167","81","X","","","Red"
"0185","Remi","Bollag","10.05.1932","176","70","","X","","Blonde"
"0186","Malik","Derrer","26.10.1988","182","86","","X","","Blonde"
,"Boris","Habicher",,,,,
"0187","Jana","Richter","21.10.1977","168","69","","X","","Grey"
"0188","Branislav","Etter","29.07.1900","176","85","","X","","Red"
"0189","Mariano","Fischer","02.11.1949","170","100","","X","","Red"
"0190","Katia","Grüter","28.05.1980","165","64","X","","","Red"
,"Ben","Stamm",,,,,
"0191","Dana","Gerth","21.10.1954","170","77","","X","","Grey"
"0192","Alma","Näf","12.07.1940","178","78","","X","","Red"
"0193","Jana","Zwicky","09.06.1920","179","93","","X","","Brown"
"0194","Kenny","Jamal-Aldin","02.01.1918","176","72","","X","","Red"
"0195","Francisco","Neurohr","30.09.1903","172","66","","X","","Red"
"0196","Carina","Egli","24.05.1947","162","56","X","","","Black"
"0197","Gwendoline","Vesely","10.10.1921","171","77","","X","","Black"
"0198","Dylan","Garibovic","23.07.1973","172","73","","X","","Brown"
"0199","Vito","Nussbaumer","05.09.86","168","90","","X","","Black"
"0200","Nadin","Stofer","28.08.76","166","74","X","","","Black"
"0201","Mladen","Claude","01.11.1964","174","85","","X","","Blonde"
"0202","Emir","Gambaro","08.07.98","178","75","","X","","Gray"
"0203","Loan","Brühlmann","11.07.1932","188","91","","","X","Blonde"
"0204","Yanick","Schudel","25.11.1913","183","101","","","X","Blonde"
"0205","Alina","Garibovic","18.03.1947","173","86","","X","","Black"
"0206","Fabia","Dubach","03.09.1996","178","82","","X","","Brown"
"0207","Charlene","Kömeter","27.07.1953","178","106","","X","","Blonde"
"0208","Nik","Merz-Tanören","27.06.1961","182","98","","X","","Blonde"
"0209","Bettina","Küng","05.07.1914","174","75","","X","","Blonde"
"0210","Kimberley","Markarian","01.12.1964","177","74","","X","","Blonde"
"0211","Jona","Schwendimann","15.04.1932","180","89","","X","","Grey"
"0212","Joris","Lilljeqvist Heierli","16.05.1930","170","71","","X","","Brown"
"0213","Marija","Wilms","06.05.1919","162","62","X","","","Blonde"
"0214","Milos","Müller-Sekinger","22.05.1994","173","74","","X","","Brown"
,"Liliana","Koller",,,,,
"0215","Andrin","Rischatsch","10.09.60","188","84","","","X","Brown"
"0216","Nada","Battegay","11.05.1994","159","60","X","","","Brown"
"0217","Vanja","Blättler","04.05.1988","177","84","","X","","Red"
"0218","Vjollca","Bär","24.08.1927","167","76","X","","","Black"
"0219","Lauriane","Roy","11.01.1901","174","84","","X","","Red"
"0220","Marcus","Kilinç","21.11.1905","178","80","","X","","Brown"
"0221","Klemens","Bircher","25.12.1963","172","67","","X","","Brown"
"0222","BUJAR","Gnägi","13.11.1973","179","88","","X","","Gray"
"0223","Anastasia","Michel-Landolt","09.04.1900","180","84","","X","","Brown"
"0224","Virginie","Herzog","16.07.1900","182","89","","X","","Grey"
"0225","Carl","Schnyder von Wartensee","21.07.71","180","88","","X","","Black"
"0226","Ludivine","Schüpbach Schmid","23.10.1945","180","79","","X","","Red"
"0227","Konstantin","Fischer Wolf","01.02.1991","186","95","","","X","Grey"
"0228","Alejandro","Hausherr","16.12.1913","173","68","","X","","Blonde"
"0229","Charles","Ilari","28.07.91","168","56","","X","","Blonde"
"0230","Stacy","Brugger","04.07.93","171","71","","X","","Black"
"0231","Micaela","Isler Rüetschi","14.10.1978","168","80","","X","","Brown"
"0232","Oriane","Diaz","19.04.1923","176","63","","X","","Brown"
"0233","Lazar","Klieber","31.07.1985","175","65","","X","","Brown"
"0234","Melissa","Stäheli","31.10.1977","171","76","","X","","Red"
"0235","Lionel","Huonker","02.10.1914","165","62","X","","","Blonde"
"0236","Domenik","Mader","07.12.1928","171","86","","X","","Black"
"0237","Kerem","Heinbach","30.01.1994","173","87","","X","","Red"
"0238","Maxim","Negri","11.02.1920","180","74","","X","","Red"
"0239","Edin","Angst-Kummle","11.01.1980","165","72","X","","","Grey"
"0240","Veronika","Pavone","26.05.49","172","85","","X","","Blonde"
"0241","Jennifer","Jörg","22.03.1961","185","79","","","X","Blonde"
"0242","Stefania","Tscherrig","31.03.1963","176","91","","X","","Red"
"0243","Bastian","Bösinger","27.06.1932","181","99","","X","","Black"
,"Ludivine","Schüpbach Schmid",,,,,
"0244","Lorraine","Barmettler","15.12.1984","164","62","X","","","Red"
"0245","Celia","Bettschen","04.05.1989","170","63","","X","","Grey"
"0246","Admir","Pauli","30.07.1911","177","92","","X","","Black"
"0247","Alen","Häusermann","07.07.1989","169","79","","X","","Gray"
"0248","Joel","Wietlisbach","17.11.1967","171","75","","X","","Blonde"
"0249","Raquel","Petri","29.05.35","167","79","X","","","Black"
"0250","Nikita","Jörger","14.04.89","167","67","X","","","Blonde"
,"Dino","Böni",,,,,
"0251","Mickaël","Käppeli","11.07.1988","181","66","","X","","Grey"
"0252","Colin","Fehlmann","13.01.1918","168","72","","X","","Red"
"0253","DARDAN","Zryd","09.11.1993","183","96","","","X","Grey"
"0254","SERAINA","Pöhner","05.01.1904","170","83","","X","","Brown"
"0255","Véronique","Bulatovic","12.10.1994","183","84","","","X","Blonde"
"0256","Yasmin","Angst","28.06.1932","177","79","","X","","Grey"
"0257","Rea","Maloberti","21.10.1937","168","83","","X","","Red"
"0258","Karin","Tuena","23.08.1991","169","64","","X","","Grey"
"0259","Jonathan","Räth","08.03.1939","174","76","","X","","Black"
"0260","Cristina","Stiefel","29.03.1962","181","83","","X","","Black"
"0261","NIKLAUS","Gredig","13.10.1987","184","78","","","X","Black"
,"Stefania","Tscherrig",,,,,
"0262","Layla","Schnyder von Wartensee","03.03.1992","180","67","","X","","Blonde"
,"Ella","Kweitel",,,,,
"0263","Klemens","Brugger-Wendelspiess","09.09.1963","160","65","X","","","Black"
"0264","Dilan","Habegger Muntwiler","07.11.1933","176","89","","X","","Red"
"0265","David","Kissling","31.08.1981","181","108","","X","","Blonde"
"0266","CHRIS","Hauser","12.10.1978","169","84","","X","","Grey"
"0267","Rhea","Casutt","03.07.1947","176","83","","X","","Black"
"0268","Amira","Spilimbergo","25.12.1966","196","96","","","X","Brown"
"0269","Dina","Gänsli-Vital","26.11.1978","178","76","","X","","Red"
"0270","Gilles","Arnet","11.09.1915","167","84","X","","","Red"
"0271","ANTONIN","Gerosa","27.07.1963","176","82","","X","","Blonde"
"0272","Esra","Rusterholz","20.05.04","174","61","","X","","Red"
,"Malik","Dietsche",,,,,
"0273","François","Kümin Frauenknecht","06.01.1917","176","63","","X","","Brown"
"0274","FLORINA","Fritzsche","15.11.05","178","88","","X","","Blonde"
"0275","Quirin","Kömeter","04.01.1995","179","93","","X","","Grey"
"0276","JEHONA","Virchaux","03.12.1914","165","72","X","","","Blonde"
,"Alexandre","Claude",,,,,
"0277","Niko","Nünlist","11.08.1933","174","58","","X","","Red"
"0278","Hugo","Kneubühler","05.06.1998","172","74","","X","","Blonde"
"0279","Lia","Schwyter","31.12.1977","178","86","","X","","Brown"
"0280","Filippo","Meloni","07.12.1963","182","71","","X","","Red"
"0281","Leonita","Ruh","15.08.1995","185","99","","","X","Black"
"0282","MIREILLE","Hauri","24.02.1972","167","86","X","","","Brown"
,"Arian","Arendt",,,,,
"0283","ALISON","Papageorgiou","17.10.1998","177","91","","X","","Brown"
"0284","Joanne","Schiller","16.07.1928","168","61","","X","","Red"
"0285","Karen","Pavone","06.10.1912","173","93","","X","","Grey"
"0286","FISNIK","Padel","04.06.1909","177","94","","X","","Red"
,"Virginia","Paras",,,,,
"0287","Amanda","Bätschmann","27.10.1961","182","80","","X","","Grey"
,"Micael","Schwaninger",,,,,
"0288","Beda","Schorp","15.05.1904","177","94","","X","","Blonde"
"0289","Romy","Käppeli","06.01.1962","174","84","","X","","Blonde"
"0290","Mélodie","Hänni-Etter","10.12.1945","173","71","","X","","Grey"
"0291","Yusuf","Jenny","28.09.77","180","87","","X","","Blonde"
,"Anaëlle","Rub",,,,,
"0292","Alena","van der Waerden Hrusovszky","14.07.1911","178","67","","X","","Grey"
"0293","Lionel","Hirsiger","05.02.1949","171","65","","X","","Red"
"0294","ROY","Fröhlich","21.11.1963","171","66","","X","","Brown"
,"Michaela","Maron",,,,,
"0295","Sabrina","Wyttenbach","24.02.33","179","75","","X","","Black"
"0296","Ebru","Fischer Wolf","08.07.1914","168","68","","X","","Red"
"0297","Cynthia","Futter","28.02.1950","165","77","X","","","Grey"
"0298","Saskia","Nestel","14.08.1939","192","106","","","X","Brown"
"0299","Rhea","Doornbosch Büttiker","11.08.1901","187","86","","","X","Black"
"0300","Alessandro","Wettstein","06.06.1932","181","71","","X","","Grey"
"0301","Jessy","Dellenbach","12.07.1946","179","84","","X","","Gray"
"0302","Selim","Kleger","29.07.1907","181","73","","X","","Black"
,"Nikolina","Bussmann Bolaños Carpio",,,,,
"0303","Nicholas","Bloch","06.09.1968","173","79","","X","","Red"
"0304","Olivia","Schnydrig","28.09.1980","170","72","","X","","Black"
"0305","Simona","Iten","18.07.1943","169","95","","X","","Red"
"0306","CRISTINA","Hilber","15.03.1918","169","75","","X","","Blonde"
"0307","KADIR","Richli","25.04.39","174","93","","X","","Blonde"
"0308","Berfin","Mazur","31.10.1979","179","73","","X","","Black"
"0309","NEREA","Hohmann Maey","02.11.1959","181","92","","X","","Grey"
"0310","Joey","Meier","24.09.1932","167","80","X","","","Grey"
"0311","Artan","Föhn ","24.11.1997","160","57","X","","","Black"
"0312","Alfred","Weisenhorn","14.08.39","162","74","X","","","Brown"
"0313","Sandrine","Wild Oester","30.10.1989","170","91","","X","","Black"
"0314","Michelle","Barbadimos","06.10.1911","178","105","","X","","Grey"
"0315","Aurelio","Schlauri","13.03.1910","165","67","X","","","Blonde"
,"Mélodie","Hänni-Etter",,,,,
"0316","Fatlinda","Züst-Gericke","05.02.1904","172","68","","X","","Red"
"0317","Noelia","Wettstein","23.06.1903","174","90","","X","","Brown"
"0318","Marko","Mijnssen","20.11.1916","171","75","","X","","Blonde"
"0319","Veronica","Zwicky","02.11.1901","173","71","","X","","Black"
"0320","Alessia","Brack","27.10.1980","176","79","","X","","Blonde"
"0321","Hasan","Kobel","30.07.1981","180","97","","X","","Blonde"
"0322","Solène","Fehlmann","27.05.1961","176","67","","X","","Black"
"0323","LARS","Wildberger","18.12.1907","175","74","","X","","Grey"
"0324","Ilona","Hess","11.03.1910","170","59","","X","","Brown"
"0325","Fatlind","Jordi","10.05.82","166","82","X","","","Blonde"
"0326","Alexia","Esseiva","11.04.1929","177","94","","X","","Red"
"0327","Rhea","Peyer","16.12.1950","163","69","X","","","Black"
"0328","Asmir","Gallmann","25.06.1994","185","83","","","X","Red"
"0329","Gentiana","Güntensperger-Alioth","17.06.1923","168","66","","X","","Black"
"0330","Christina","Stephenson","09.03.39","166","54","X","","","Grey"
"0331","Levin","Haselbach","13.10.1976","193","102","","","X","Brown"
"0332","Colin","Bagdasarianz","19.10.1993","169","69","","X","","Red"
"0333","Sarah","Würth","07.10.1953","178","81","","X","","Blonde"
"0334","Curdin","Oesch","05.05.1922","172","77","","X","","Black"
"0335","MARILENA","Zimmerli","17.04.1959","178","87","","X","","Blonde"
"0336","Gilles","Schlieper","07.08.1984","158","81","X","","","Red"
"0337","Matea","Merz-Tanören","29.06.1944","177","91","","X","","Blonde"
"0338","Ebru","Steiner","11.02.1946","172","77","","X","","Brown"
"0339","Sergio","Angst","22.04.1939","167","65","X","","","Red"
"0340","Dario","Margreiter","10.04.56","174","80","","X","","Grey"
"0341","Doris","Venzin","07.12.78","174","69","","X","","Brown"
"0342","Tessa","Polemi","09.03.50","174","72","","X","","Blonde"
"0343","DESIREE","Piller","15.06.1942","170","63","","X","","Gray"
"0344","Robin","Landolt","18.09.1995","166","80","X","","","Blonde"
"0345","Tobias","Leoni","24.10.1976","168","76","","X","","Blonde"
"0346","ARIAN","Gutierrez","12.12.1919","176","83","","X","","Red"
,"Annik","Babini",,,,,
"0347","PETER","Schlieper","10.11.1997","168","78","","X","","Black"
,"Kylian","Illi",,,,,
"0348","Samuel","Rentsch","18.10.1925","166","63","X","","","Black"
"0349","Tina","Ametamey","04.01.1958","175","86","","X","","Red"
,"Guido","Greco",,,,,
"0350","Maureen","Piller","11.08.1987","169","85","","X","","Grey"
"0351","Labinot","Dubno","01.07.1936","173","92","","X","","Blonde"
"0352","Valmir","Früh","14.01.1956","176","93","","X","","Brown"
"0353","Michaela","Teodoru","02.09.1905","182","84","","X","","Brown"
"0354","SIMEON","Reichlin","21.02.1993","174","59","","X","","Black"
"0355","Mauro","Knauss","13.02.1930","174","74","","X","","Red"
,"Kristin","Helfenstein",,,,,
"0356","Samanta","Juchli","02.10.29","176","77","","X","","Brown"
"0357","Yasmina","Cassee","11.06.1959","166","66","X","","","Black"
"0358","Yannik","Bächtold","28.11.1945","180","90","","X","","Grey"
"0359","Kübra","Renggli","23.07.1903","170","72","","X","","Black"
"0360","Arbnor","Pörtner","16.11.1992","183","95","","","X","Black"
"0361","Emir","Falusi","08.07.1981","178","71","","X","","Grey"
"0362","Celia","Hurschler","11.06.1959","172","76","","X","","Black"
"0363","Valentine","Yetergil Kiefer","22.08.1967","172","90","","X","","Black"
"0364","Ladina","Heuberger","12.07.1943","170","75","","X","","Red"
"0365","Emir","Peter","05.02.1931","172","69","","X","","Gray"
"0366","Mirza","Rutishauser","16.10.1922","174","79","","X","","Blonde"
"0367","Benedikt","Maron","30.01.1973","176","78","","X","","Brown"
"0368","Elin","Engel","31.08.1983","175","83","","X","","Black"
"0369","Jade","Peter-Huber","19.03.1942","177","68","","X","","Blonde"
"0370","Roy","Kohler","12.05.1978","179","84","","X","","Blonde"
"0371","Lorene","Kämpfer","05.12.1922","168","75","","X","","Black"
"0372","Aylin","Bloch","20.02.1912","164","60","X","","","Black"
,"Fabrizio","Dominguez",,,,,
"0373","Elise","Erdem","22.07.1946","189","87","","","X","Red"
"0374","Albert","Sidler","09.02.1903","168","69","","X","","Black"
"0375","Eric","Mattenberger","27.09.32","179","59","","X","","Blonde"
,"Andres","Hoch",,,,,
"0376","Wendy","Capraro","29.03.1928","161","63","X","","","Grey"
"0377","Arbnora","Braun","14.01.1904","183","79","","","X","Grey"
"0378","RAOUL","Schlauri","05.01.1931","167","77","X","","","Blonde"
"0379","Mohamed","Bücheler","27.12.69","168","82","","X","","Red"
"0380","Tizian","Bürlimann","17.02.1924","168","67","","X","","Brown"
,"Annina","Hadian",,,,,
"0381","Ursina","Spengler","11.02.1948","177","74","","X","","Blonde"
"0382","Nicolas","Bünger","24.06.1936","165","75","X","","","Blonde"
"0383","Emilie","Schmid","22.04.1900","180","73","","X","","Gray"
"0384","Nikita","Fröhlich","31.01.1906","165","71","X","","","Black"
"0385","Jack","Seitz","09.10.1966","185","94","","","X","Brown"
"0386","Ismael","Egli","23.07.50","188","93","","","X","Blonde"
"0387","Philip","Z'graggen","08.06.1964","181","90","","X","","Gray"
"0388","Rui","Bürki","12.04.1942","176","77","","X","","Brown"
"0389","Ludovic","Mazenauer","26.11.01","184","74","","","X","Black"
"0390","Samira","Hurschler","06.11.1935","172","63","","X","","Blonde"
"0391","Dino","Böckle","21.11.1944","167","68","X","","","Black"
"0392","Bryan","Kurtulmus","04.10.52","183","99","","","X","Red"
"0393","Carmela","Fischer","20.07.1969","172","93","","X","","Red"
"0394","Sinem","Kurtulmus","27.01.1907","167","75","X","","","Red"
"0395","Ruben","Tomezzoli","31.05.1958","178","73","","X","","Red"
"0396","Tamara","Gross","30.11.1986","186","86","","","X","Brown"
"0397","Dani","Fasol","27.06.1952","169","74","","X","","Blonde"
"0398","Thibaut","Schönenberger","28.06.1961","169","72","","X","","Blonde"
"0399","Andri","Barmettler","31.03.1945","163","80","X","","","Brown"
"0400","Tamara","Inderbitzin","06.12.1960","167","75","X","","","Brown"
"0401","Kreshnik","Fontana","23.09.1949","168","69","","X","","Black"
"0402","GIADA","Lutz","29.01.1961","176","79","","X","","Red"
,"Christoph","Knobel",,,,,
"0403","Özge","Lüchinger","06.04.1979","177","78","","X","","Blonde"
"0404","VLADIMIR","Nicolussi","04.12.1981","182","85","","X","","Grey"
"0405","Maik","Kuster","16.02.1977","169","69","","X","","Blonde"
"0406","Jamie","Näpfer","19.07.1951","179","82","","X","","Grey"
"0407","Yann","Dubno","25.01.1986","164","71","X","","","Brown"
,"Nadir","D'Elia",,,,,
"0408","Dylan","Schenk","09.01.1955","173","61","","X","","Red"
,"Daniel","Bailer Rieder",,,,,
"0409","Maude","Fehr Düsel","09.05.1943","179","84","","X","","Brown"
"0410","Aurélien","Morf","13.08.1942","174","88","","X","","Blonde"
"0411","Elsa","Winiger","05.07.1985","180","93","","X","","Red"
"0412","Emre","Huber","12.11.1991","171","75","","X","","Red"
"0413","Joel","Hochstrasser","16.05.1971","166","65","X","","","Brown"
"0414","François","Flubacher","25.07.1986","171","77","","X","","Blonde"
"0415","Loriana","Beutler","30.12.1986","154","64","X","","","Brown"
"0416","Mirco","Barbadimos","14.09.1931","174","77","","X","","Red"
"0417","Lucas","Gitermann","29.02.1956","168","73","","X","","Blonde"
"0418","Lejla","Burger","31.05.1915","167","76","X","","","Blonde"
,"Louise","Claude",,,,,
"0419","Armando","Winiger","23.08.1957","179","74","","X","","Grey"
"0420","Sarina","Kramer","29.11.1925","168","65","","X","","Grey"
"0421","Kenneth","Knobel","21.11.1922","171","69","","X","","Grey"
"0422","Andrej","Merkli","16.09.1990","177","72","","X","","Black"
"0423","Maud","Edelmann","17.02.1986","175","75","","X","","Grey"
"0424","Kaltrina","Boppart","11.10.1902","170","90","","X","","Grey"
,"Rui","Bürki",,,,,
"0425","Aron","Lehmann","27.01.1914","159","61","X","","","Black"
"0426","Jacqueline","Schlieper","26.03.1967","181","93","","X","","Red"
"0427","Gaëlle","Böni","15.03.1969","176","70","","X","","Blonde"
"0428","Jamie","Anderegg Kovarik","12.12.1915","167","55","X","","","Black"
"0429","Nora","Klein","09.04.1959","168","75","","X","","Black"
"0430","Samira","Ling","15.04.1991","180","75","","X","","Red"
"0431","Gamze","Vögele","31.07.1989","168","81","","X","","Brown"
"0432","Corsin","Inauen","16.06.1910","184","85","","","X","Grey"
"0433","Leonardo","Ametamey","15.01.1955","169","66","","X","","Black"
"0434","ESMERALDA","Esseiva","07.11.1972","190","71","","","X","Blonde"
"0435","Soraia","Fehr Gallo","18.05.1996","186","100","","","X","Red"
"0436","ANTONELLA","Grüter","23.09.1973","170","57","","X","","Black"
"0437","Jules","Moser","20.05.1911","171","55","","X","","Grey"
"0438","Virginia","Neurohr","11.12.1952","178","78","","X","","Brown"
"0439","Yassin","Bösch","12.07.1908","179","78","","X","","Blonde"
"0440","Katja","Jakob Banz","17.05.1930","166","71","X","","","Black"
"0441","KRISTIAN","Haury","13.06.1936","174","83","","X","","Blonde"
,"Vania","Thomann",,,,,
"0442","Meryem","Truffer","10.04.1953","174","75","","X","","Blonde"
"0443","Rosa","Tobler","06.01.1902","165","50","X","","","Red"
"0444","SERAFIN","Venzin","05.04.1998","179","88","","X","","Red"
"0445","Lena","Gass","08.01.76","186","87","","","X","Blonde"
"0446","Lorenzo","Staudte","23.09.1903","174","85","","X","","Black"
"0447","Max","Cucuz","25.06.1985","166","69","X","","","Blonde"
"0448","Stefan","Müller-Sekinger","13.04.1933","171","65","","X","","Brown"
,"Allison","Gitermann",,,,,
"0449","Mélodie","Kyriacou","09.09.1923","169","52","","X","","Red"
"0450","Alban","Gull","17.02.1958","169","81","","X","","Black"
"0451","Büsra","Wenger","02.08.1978","165","57","X","","","Brown"
"0452","Christof","Pfrunder","24.01.1971","181","86","","X","","Blonde"
"0453","Barbara","Diebold","20.10.1916","170","87","","X","","Gray"
"0454","Ellen","Guyer","25.12.1984","189","86","","","X","Black"
"0455","Luka","Blumenthal","14.05.1915","184","85","","","X","Grey"
"0456","Elsa","Gitermann","17.07.1995","178","81","","X","","Grey"
"0457","James","Inderbitzin","23.11.1971","167","72","X","","","Red"
"0458","Mustafa","Samter","23.12.1989","177","65","","X","","Red"
"0459","Joanne","Linxweiler","11.12.1903","178","72","","X","","Black"
,"Diane","Gerth",,,,,
"0460","Mona","Jörg","15.08.1961","170","75","","X","","Black"
"0461","Yasemin","Tobler","01.09.1994","177","71","","X","","Grey"
,"Naim","Ramseier",,,,,
"0462","Evelyne","Styger","03.07.1906","169","80","","X","","Blonde"
"0463","Christof","Schäfli","31.12.1955","170","73","","X","","Red"
"0464","Elisa","Geyer","06.11.1927","165","60","X","","","Brown"
"0465","Tessa","Stählin","23.07.1943","181","77","","X","","Blonde"
"0466","Marla","Karrer","05.08.1958","168","57","","X","","Red"
"0467","Nadja","Hilber","31.08.1932","160","67","X","","","Brown"
"0468","Brian","Polemi","20.12.1955","161","65","X","","","Brown"
"0469","Edita","Hailemariam","03.06.1980","185","83","","","X","Brown"
"0470","Jovan","Tellenbach","15.10.1979","168","68","","X","","Grey"
"0471","SALOME","Käser","19.01.1915","175","74","","X","","Blonde"
"0472","Josip","Schempp","13.06.1980","174","70","","X","","Black"
"0473","Remi","Römer","04.07.1910","183","83","","","X","Black"
"0474","Silvio","Bertozzi","19.11.1957","172","71","","X","","Brown"
"0475","Elise","Otth","12.04.1979","185","98","","","X","Red"
"0476","Yara","Tschan","29.10.1982","178","82","","X","","Red"
"0477","Josip","Rüedi-Meier","04.12.1960","175","97","","X","","Black"
"0478","Ardita","Alder","27.03.1944","178","78","","X","","Blonde"
"0479","Didier","Näpfer","22.09.1924","180","89","","X","","Grey"
"0480","Muhamed","Lienhard","01.07.1925","169","68","","X","","Brown"
"0481","Charles","Dossenbach Weber","05.01.1926","156","55","X","","","Gray"
,"Regina","Hunn",,,,,
"0482","Billy","Hensch Frei","27.01.1926","163","67","X","","","Grey"
"0483","Samira","Nabholz","24.09.18","166","78","X","","","Blonde"
"0484","Luna","Kaplan","21.10.1929","186","100","","","X","Blonde"
"0485","Nic","Ziegler","14.10.1946","168","82","","X","","Grey"
"0486","Ruben","Wehrli","10.03.29","175","83","","X","","Grey"
"0487","Anouchka","Müller","20.06.1952","184","79","","","X","Black"
"0488","Levin","Helfenstein","29.09.1978","171","81","","X","","Blonde"
"0489","Jolanda","Brack","03.05.1959","176","84","","X","","Grey"
,"Alicia","Hohl",,,,,
"0490","Jérémie","Fritzsche","08.06.1939","176","73","","X","","Grey"
"0491","Romeo","Zöbeli","18.09.1944","169","79","","X","","Black"
"0492","Nuria","Felder","13.07.1988","169","76","","X","","Red"
"0493","Charlene","Ilari","07.08.1933","180","84","","X","","Blonde"
"0494","Flavien","Ziegler","27.05.1906","179","82","","X","","Brown"
"0495","Sheila","Winteler","11.11.1997","176","77","","X","","Brown"
"0496","MARLENE","Stamm","02.04.1963","171","79","","X","","Red"
"0497","DENNIS","Pflüger","19.10.1999","175","82","","X","","Black"
"0498","JOVANA","Winizki","23.06.1972","174","92","","X","","Red"
,"Randy","Imoberdorf",,,,,
"0499","Michelle","Schwendener","05.02.1903","179","80","","X","","Blonde"
"0500","Pascale","Bugmann","02.09.1941","175","83","","X","","Grey"
"0501","Marc","Merkli","06.09.1977","180","90","","X","","Red"
"0502","Tina","Lauber","17.03.1916","173","84","","X","","Blonde"
"0503","Kenneth","Diener","10.08.1993","164","69","X","","","Black"
"0504","Arian","Camen","11.06.1906","184","66","","","X","Grey"
"0505","Duygu","Vesely","01.09.1923","182","69","","X","","Blonde"
,"Jill","Pokerschnig",,,,,
"0506","Erika","Ramel","02.08.1954","170","65","","X","","Grey"
,"Naim","Sprecher",,,,,
"0507","Joelle","Wüst","20.04.1992","178","87","","X","","Blonde"
"0508","Mehdi","Aeberli","21.11.1984","176","80","","X","","Red"
"0509","Marcos","Erens","09.09.1923","187","92","","","X","Blonde"
"0510","Léon","Brauchli","26.09.84","176","62","","X","","Grey"
"0511","Gianna","Balmer-Schiltknecht","16.08.1912","165","77","X","","","Brown"
"0512","Yann","Leutenegger","20.05.1975","173","81","","X","","Black"
"0513","Djordje","Fridez","29.01.1966","166","79","X","","","Black"
"0514","Samuele","Akyol","07.06.1962","169","73","","X","","Grey"
"0515","Ralph","Tankosic","26.07.45","172","73","","X","","Black"
"0516","Raoul","Rusterholz","29.10.1926","168","77","","X","","Black"
"0517","Jonas","Medici","13.10.1910","175","81","","X","","Blonde"
,"Silvio","Bertozzi",,,,,
"0518","Leticia","Margreiter","21.02.1905","169","83","","X","","Blonde"
"0519","Coline","Lenggenhager","24.02.67","191","116","","","X","Brown"
"0520","Karim","Müller","27.05.47","179","78","","X","","Red"
,"Laurine","Oeschger",,,,,
"0521","Sven","Illi","04.04.1947","174","74","","X","","Black"
"0522","Robert","Altinay","28.05.1982","173","82","","X","","Brown"
,"Sasa","Carbone",,,,,
"0523","MELANIE","Hegetschweiler","22.06.1961","178","70","","X","","Black"
"0524","LEANA","Kirstein","06.06.02","178","87","","X","","Brown"
"0525","Magdalena","Negro","07.06.1955","178","71","","X","","Blonde"
"0526","Andi","Halser-Furrer","13.10.1959","174","81","","X","","Grey"
"0527","Alban","Brack","05.09.1988","177","83","","X","","Black"
"0528","Gilles","Ogul","28.02.1916","181","86","","X","","Brown"
,"Yasin","Sonderegger",,,,,
"0529","Adela","Wälle","25.07.1990","162","65","X","","","Brown"
"0530","Gaétan","Brunner","27.05.1912","167","71","X","","","Brown"
"0531","Hans","Meuli","25.10.39","178","82","","X","","Red"
"0532","Eva","Hess","02.05.1911","184","74","","","X","Grey"
"0533","Tara","Nikolic Singer","10.01.65","178","88","","X","","Blonde"
"0534","HEIDI","Küçükyildiz","09.07.17","185","99","","","X","Blonde"
"0535","Joris","Kobler","15.09.1984","172","81","","X","","Grey"
"0536","Marion","Z'graggen","12.12.1906","181","89","","X","","Grey"
"0537","Stacy","Bätschmann","20.09.1951","169","83","","X","","Grey"
"0538","Djordje","Herzog","09.12.1919","166","76","X","","","Black"
"0539","Laurane","Walpoth","20.02.18","181","103","","X","","Black"
"0540","Ajdin","Herger","12.11.1996","181","84","","X","","Grey"
"0541","Noelia","Bösinger","18.12.69","176","61","","X","","Brown"
"0542","Stella","Brauchli","25.04.1902","179","81","","X","","Grey"
"0543","Elias","De Martin","03.03.1933","178","106","","X","","Grey"
"0544","STEVE","Leu","14.09.1963","179","78","","X","","Blonde"
"0545","Anina","Hungerbühler","18.02.1961","178","83","","X","","Black"
"0546","Nikolina","Klinger","07.06.25","179","94","","X","","Blonde"
"0547","Emilie","Filli","18.10.1977","182","81","","X","","Blonde"
"0548","Nuno","Iseli-Siegenthaler","15.11.1923","175","66","","X","","Red"
"0549","Arbër","Bassand","16.10.1994","174","79","","X","","Gray"
"0550","Maura","Ryf","30.09.1975","183","94","","","X","Blonde"
"0551","Carol","Loup","18.05.1967","170","88","","X","","Red"
"0552","Roger","Isler Rüetschi","15.11.1958","184","86","","","X","Red"
"0553","Gaia","Bürki","25.05.1975","178","87","","X","","Red"
"0554","Noel","Tian","23.04.02","169","79","","X","","Black"
"0555","Jamie","Vesely","27.06.1945","157","68","X","","","Blonde"
"0556","Jason","Karrer-Derrer","02.09.1935","170","82","","X","","Black"
"0557","Rebekka","Markarian","20.06.1953","175","84","","X","","Blonde"
"0558","Danaë","Vogel","04.06.1957","170","66","","X","","Black"
"0559","Merve","Kraft","16.11.1994","179","66","","X","","Red"
,"Marcos","Erens",,,,,
"0560","Axel","Tognella","18.08.1910","170","90","","X","","Red"
"0561","Heidi","Battegay","12.12.1907","174","76","","X","","Brown"
"0562","Diego","Mahrer","03.09.1912","177","97","","X","","Red"
"0563","TIL","Wenziker","08.08.1916","175","81","","X","","Black"
"0564","Antonin","Burri","19.10.1949","175","100","","X","","Blonde"
"0565","Fernando","Uttinger","10.11.1900","169","62","","X","","Brown"
"0566","Ruben","Hegetschweiler","02.07.1980","180","81","","X","","Black"
"0567","Roxanne","Grieder","02.10.1919","175","87","","X","","Blonde"
"0568","Ariana","Bötschi","14.08.1911","162","63","X","","","Grey"
"0569","FLAVIA","Hasler","17.09.1940","177","81","","X","","Brown"
"0570","Lauriane","Mahrer","18.06.1927","174","67","","X","","Brown"
"0571","MELINDA","Beltramini","16.02.1963","164","70","X","","","Blonde"
"0572","Robert","Z'graggen","04.11.1978","161","72","X","","","Red"
"0573","Émile","Tumay","08.09.1916","178","82","","X","","Blonde"
"0574","Ben","Dogwiler","17.05.1947","168","71","","X","","Brown"
"0575","Diellza","Virchaux","09.04.1936","171","89","","X","","Grey"
,"Johannes","Roth",,,,,
"0576","Gabriele","Käppler","18.11.1929","172","83","","X","","Brown"
"0577","Bryan","Schoch","03.03.1954","174","68","","X","","Red"
"0578","Martina","Bigger","30.03.1996","167","67","X","","","Black"
"0579","Dylan","Bamert","23.04.1914","175","74","","X","","Brown"
,"Gilles","Ogul",,,,,
"0580","Alfred","Burg","15.12.74","169","64","","X","","Blonde"
"0581","Loan","Diggelmann","19.11.1919","162","82","X","","","Black"
"0582","Antonin","Schatt","04.10.1946","167","60","X","","","Brown"
"0583","Jasper","Betschart","11.03.1969","163","51","X","","","Brown"
"0584","Océane","von Planta","14.09.1930","178","82","","X","","Red"
"0585","Nevena","Brühlmann","07.02.1987","179","99","","X","","Grey"
"0586","Katharina","Fehlmann","03.12.1995","171","69","","X","","Black"
"0587","Semir","Negri","28.08.1938","163","61","X","","","Blonde"
"0588","Michael","Notter","07.09.1953","165","68","X","","","Brown"
"0589","Anissa","Stocker","07.05.1940","169","74","","X","","Blonde"
"0590","Benno","Garibovic","23.08.18","164","62","X","","","Brown"
"0591","Floriane","Pauli","15.09.1966","168","70","","X","","Grey"
"0592","Carl","Baljsevic","07.02.1992","181","103","","X","","Grey"
"0593","Sabina","Johannsen","17.04.1917","167","84","X","","","Brown"
"0594","Carmine","Merki","02.11.52","158","66","X","","","Red"
"0595","Roman","Saxer","07.08.1970","169","66","","X","","Brown"
"0596","Nina","Schindler","22.12.1935","184","85","","","X","Brown"
"0597","Didier","Doornbosch Büttiker","02.08.1923","173","89","","X","","Red"
"0598","Mladen","Rasi","21.12.1967","184","84","","","X","Brown"
"0599","Damla","Fischer","13.12.1958","184","98","","","X","Blonde"
"0600","Nadin","Obrist","07.05.43","172","89","","X","","Grey"
"0601","Guillaume","Krebs","21.07.1970","179","86","","X","","Brown"
"0602","MATHILDA","Knauss","16.03.1960","168","75","","X","","Brown"
"0603","Thibaut","Siev","24.06.1977","183","69","","","X","Blonde"
"0604","Edis","Glaser","09.03.1933","180","69","","X","","Red"
,"Sebastian","Padel",,,,,
"0605","Johan","Petrillo","03.10.79","175","88","","X","","Gray"
"0606","Nemanja","Bugmann","11.09.1925","176","91","","X","","Brown"
"0607","Clelia","Römer","09.01.1980","182","73","","X","","Black"
"0608","Luka","Edelmann","10.10.1992","173","74","","X","","Black"
"0609","HARUN","Arnet","02.07.1933","172","83","","X","","Gray"
"0610","Gil","Schaffhauser","08.10.1913","182","64","","X","","Red"
"0611","Mona","Lattmann","01.06.1967","178","77","","X","","Grey"
"0612","NOËLLE","Hänni-Etter","13.04.1907","174","76","","X","","Blonde"
"0613","Marianne","Landolt","22.10.1901","181","87","","X","","Red"
"0614","BESNIK","Bazzell","01.02.1958","168","73","","X","","Grey"
,"Merve","Kraft",,,,,
"0615","Elina","Straumann","30.11.1956","178","92","","X","","Grey"
"0616","Teo","Bösinger","17.04.1922","169","83","","X","","Brown"
"0617","Nadin","Baumgartner Kläy","25.05.1939","173","65","","X","","Black"
"0618","Sabine","Hausherr","25.01.1946","182","89","","X","","Blonde"
"0619","Jolanda","Reich","23.02.1924","179","89","","X","","Blonde"
"0620","Cristian","Piller","24.04.1940","162","78","X","","","Blonde"
,"Elena","Schubiger",,,,,
"0621","Yannik","Schwyter","04.06.1910","173","83","","X","","Blonde"
"0622","RAMON","Maron","01.03.1917","173","85","","X","","Brown"
"0623","Laurie","Steger","09.05.1941","181","101","","X","","Brown"
"0624","Cheyenne","Theis","02.07.15","176","81","","X","","Black"
,"Flavia","Hasler",,,,,
"0625","Claire","Ninaus","10.10.1924","161","70","X","","","Red"
,"Raquel","Grimaldi-Akermann",,,,,
"0626","Tomislav","Balmer-Schiltknecht","03.02.1980","179","81","","X","","Blonde"
"0627","Riccardo","Sonderegger","03.06.1948","172","76","","X","","Red"
"0628","Elisa","Fuchs Geering","21.02.1961","169","81","","X","","Red"
"0629","FILIP","Zatti","07.04.1992","170","83","","X","","Brown"
"0630","Damien","Herzog","27.11.1945","161","55","X","","","Brown"
"0631","Jeton","Hasler","29.03.1995","167","68","X","","","Red"
"0632","Edmond","Häusermann","06.12.1967","175","76","","X","","Brown"
"0633","Melis","Walther","14.04.1997","179","91","","X","","Blonde"
"0634","Martino","Nestel","01.12.1900","177","76","","X","","Blonde"
"0635","Joseph","Haury","25.04.1913","175","78","","X","","Blonde"
"0636","Naim","Gallmann","08.12.1914","177","90","","X","","Black"
,"Loan","Diggelmann",,,,,
"0637","Christof","Filli","07.05.1923","184","92","","","X","Blonde"
"0638","Gregor","Danner-Winzeler","22.02.1919","181","85","","X","","Brown"
"0639","Tijana","Pöhner","26.12.1918","177","84","","X","","Blonde"
"0640","Aylin","Feller","13.08.1911","188","75","","","X","Black"
"0641","Roy","Jenkins Scheidegger","26.07.1965","178","83","","X","","Blonde"
"0642","Maxime","Keim","23.02.1962","177","95","","X","","Black"
"0643","Berfin","Anken","25.06.1981","171","71","","X","","Red"
"0644","Adriana","Tröndle","17.08.1923","155","57","X","","","Red"
,"Fitim","Tanner",,,,,
"0645","Chris","Liebi","01.08.91","184","63","","","X","Brown"
"0646","Yuri","Dennler","03.08.1939","175","89","","X","","Red"
"0647","Giovanni","Obrecht","03.02.1922","191","94","","","X","Brown"
,"Carl","Baljsevic",,,,,
"0648","Fabrizio","Meyer","15.09.1924","171","60","","X","","Grey"
"0649","Arlinda","Nüssli-Danuser","27.10.1944","188","87","","","X","Red"
"0650","Leah","Ramel","06.07.1925","167","78","X","","","Brown"
"0651","Sinan","Suter Reich","17.08.1933","174","83","","X","","Red"
"0652","Lidia","Lüthold","27.01.1956","179","62","","X","","Blonde"
"0653","Sandy","De Baan","20.11.1941","183","84","","","X","Grey"
"0654","Markus","Berke","08.11.16","180","90","","X","","Brown"
"0655","JUSTIN","Hailemariam","09.01.1936","178","76","","X","","Blonde"
"0656","Raoul","Karakus","31.07.1964","163","76","X","","","Grey"
,"Cynthia","Bailer Rieder",,,,,
"0657","Domenico","Meier-Bohrer","23.06.1953","174","73","","X","","Grey"
"0658","Rafaela","Felchlin","03.10.28","175","71","","X","","Red"
"0659","Sinem","Bollmann","06.07.1969","170","79","","X","","Black"
"0660","Flavio","Akyol","23.12.1983","175","87","","X","","Black"
"0661","Enis","Suter Reich","30.06.1962","183","81","","","X","Red"
"0662","Giuliana","Albrecht","20.08.1909","180","76","","X","","Grey"
"0663","MELVIN","Grob","06.04.1996","173","66","","X","","Grey"
"0664","Darko","Merki","03.04.1947","186","92","","","X","Grey"
"0665","Marilena","Kircali","26.01.1972","176","74","","X","","Red"
"0666","Ebru","Mijnssen","13.09.21","172","70","","X","","Blonde"
,"Harun","Arnet",,,,,
"0667","Yan","Eralp","28.06.1945","179","68","","X","","Grey"
"0668","DEBORAH","Besker","19.03.1925","167","66","X","","","Grey"
"0669","Kenny","Brugger","30.06.1989","185","104","","","X","Blonde"
"0670","Claudia","Rabelbauer","06.07.1940","174","82","","X","","Brown"
"0671","Louisa","Lüchinger","18.02.1964","182","92","","X","","Brown"
"0672","Alma","Garcia","08.09.1935","171","78","","X","","Grey"
"0673","Rayan","Gnägi","17.08.1964","185","82","","","X","Blonde"
"0674","Mario","Ott Hari","24.09.1949","176","73","","X","","Grey"
"0675","Daniele","Fumasoli","01.11.87","172","71","","X","","Black"
"0676","Maurice","Knauss","12.06.1936","165","59","X","","","Grey"
"0677","Elina","Zygmont","24.01.1995","176","64","","X","","Brown"
"0678","Sasa","Goldmann","16.03.1921","176","76","","X","","Brown"
"0679","Bujar","Mathys","24.12.1906","160","75","X","","","Black"
"0680","Mirza","Zürcher","28.05.1901","174","75","","X","","Gray"
"0681","SANELA","Weiss","13.08.1993","179","70","","X","","Red"
"0682","Naim","Greiner-Tschudi","17.08.34","177","73","","X","","Brown"
"0683","Beatrice","Ricciardi Gerber","16.01.1939","173","78","","X","","Brown"
"0684","NATALIE","Scherer","14.11.1932","158","67","X","","","Red"
"0685","AZRA","Dulik","18.10.1972","171","60","","X","","Gray"
"0686","Jona","Stamm","15.01.1924","176","86","","X","","Red"
"0687","Virginie","Babini","11.12.1959","180","87","","X","","Grey"
"0688","Muhamed","Dutler","16.06.23","179","89","","X","","Brown"
"0689","Flamur","Spilimbergo","16.03.1987","179","77","","X","","Gray"
"0690","Konstantin","Jordi","09.03.1962","174","76","","X","","Brown"
"0691","Majlinda","Benz","18.10.1912","168","87","","X","","Brown"
"0692","Tim","Diaz","01.02.53","175","87","","X","","Brown"
,"Wendy","Linxweiler",,,,,
"0693","Kristian","Stiefel","02.01.1954","177","84","","X","","Red"
"0694","Vivian","Keel","11.04.1952","168","87","","X","","Brown"
"0695","Jan","Spilimbergo","21.07.1940","162","53","X","","","Red"
"0696","Thalia","Ulcay","28.06.1993","177","76","","X","","Red"
"0697","Edgar","Redzic","18.09.77","168","86","","X","","Black"
"0698","Catarina","Virag Jansen","10.05.1973","174","89","","X","","Blonde"
"0699","Amin","Ziltener","08.04.1903","166","66","X","","","Brown"
"0700","Amina","Pörtner","05.11.1999","175","85","","X","","Red"
,"Roy","Jenkins Scheidegger",,,,,
"0701","Milena","Lanz","22.08.1927","170","77","","X","","Black"
"0702","Lidia","Schwaninger","15.06.1926","171","74","","X","","Brown"
"0703","Roger","Brauchli","01.06.1938","185","77","","","X","Red"
"0704","Adrienne","Scherrer","01.02.1947","168","67","","X","","Black"
"0705","Vivienne","Steger","07.07.1978","181","90","","X","","Grey"
"0706","ARMIN","Morf","01.06.1971","175","73","","X","","Grey"
"0707","Katarina","Suter","27.07.1931","166","84","X","","","Blonde"
,"Jasmin","Boppart",,,,,
"0708","Ellen","Bösinger","27.04.1946","172","78","","X","","Blonde"
"0709","Valentine","Winizki","06.10.1939","180","97","","X","","Blonde"
"0710","Miguel","Neijzen","23.02.1930","163","55","X","","","Grey"
,"Fabrizio","Meyer",,,,,
"0711","Ryan","Lilljeqvist Heierli","25.05.1995","165","58","X","","","Blonde"
"0712","MICHELA","Lüchinger","10.02.1909","180","91","","X","","Red"
"0713","Felicia","Suter Reich","27.09.93","190","115","","","X","Grey"
"0714","Ivan","Bulatovic","16.02.1909","171","80","","X","","Grey"
"0715","Randy","Neininger","11.07.1973","175","66","","X","","Grey"
"0716","Melvin","Suter","30.05.1964","174","77","","X","","Gray"
"0717","Liv","Züst-Gericke","17.12.1929","177","78","","X","","Brown"
,"Drilon","Oswald",,,,,
"0718","Nathalie","Nüssli-Danuser","14.11.1994","174","88","","X","","Brown"
,"Justin","Hailemariam",,,,,
"0719","Greta","Frey","14.03.1994","183","90","","","X","Blonde"
"0720","Marigona","Kraft","09.01.1954","181","97","","X","","Black"
"0721","JAEL","Wernli","23.10.1984","169","65","","X","","Blonde"
"0722","Tino","Straumann","05.06.1972","190","97","","","X","Brown"
"0723","Alain","Giger-Reich","16.02.18","163","60","X","","","Grey"
"0724","YOHAN","Günthart","14.09.1919","177","83","","X","","Blonde"
"0725","ANTONIN","Tschann","26.06.1935","183","89","","","X","Black"
"0726","Danaë","Issler","16.10.1935","175","68","","X","","Brown"
,"Jonas","Garonne",,,,,
"0727","Clemence","Hunn","31.12.1930","188","100","","","X","Blonde"
"0728","Barbara","Nagel","05.09.1916","163","81","X","","","Red"
"0729","Madeleine","Loup","16.11.53","168","77","","X","","Brown"
"0730","Lynn","Koller-Hättenschwiler","01.04.1997","171","74","","X","","Red"
"0731","Felipe","Michel","16.06.1938","176","78","","X","","Red"
"0732","Ariane","Güler","03.10.1997","181","76","","X","","Black"
"0733","Carmine","Rentsch","08.08.1969","176","86","","X","","Red"
"0734","Gregory","Berchtold","14.03.1993","176","77","","X","","Brown"
"0735","Savannah","Kälin","24.09.1934","169","76","","X","","Brown"
"0736","Emir","Tellenbach","15.11.1914","175","92","","X","","Blonde"
"0737","Leroy","Urfer Widmer","07.06.1926","172","79","","X","","Grey"
"0738","Nik","Koller","15.05.1935","193","120","","","X","Red"
"0739","Thibaut","Fröhlich","03.11.36","166","59","X","","","Black"
"0740","Tanya","Bamert","25.11.1953","174","84","","X","","Red"
"0741","Osman","Ametamey","07.10.1940","179","95","","X","","Grey"
"0742","Lidia","Rotondi","03.03.1985","174","80","","X","","Brown"
"0743","Ramon","Furrer","06.10.1913","174","86","","X","","Grey"
"0744","Siria","Zschokke-Gohl","19.04.98","179","76","","X","","Blonde"
"0745","Liridona","Schwab","20.12.1969","170","59","","X","","Blonde"
,"Joy","Isler Rüetschi",,,,,
"0746","Arno","Mossner","16.02.1995","184","66","","","X","Blonde"
"0747","Lorenz","Prelicz-Huber","04.11.1997","163","58","X","","","Black"
"0748","Carina","Kaufmann","26.08.1959","169","67","","X","","Red"
"0749","Cem","Rösch","09.10.1998","172","85","","X","","Blonde"
"0750","Fatma","Rabelbauer-Pfiffner","20.10.1974","163","76","X","","","Blonde"
,"Cathérine","Böni",,,,,
"0751","Jona","Schlieper","09.03.1914","174","75","","X","","Grey"
"0752","Layla","Kräuchi","17.04.1917","173","76","","X","","Grey"
,"Marino","Agazzi",,,,,
"0753","DIDIER","Faga","29.04.1958","179","94","","X","","Black"
"0754","Annabelle","Huonder","04.09.1975","185","92","","","X","Black"
"0755","Ibrahim","Gisler","13.03.1931","176","89","","X","","Grey"
"0756","Darius","Samter","04.12.1904","185","82","","","X","Black"
"0757","JEREMIAS","Inauen","08.07.1919","187","71","","","X","Brown"
"0758","Tobias","Ernst","05.01.56","184","79","","","X","Grey"
"0759","Yara","Kleger","15.06.1962","172","82","","X","","Brown"
"0760","Besarta","Nüssli-Danuser","14.08.1922","172","72","","X","","Black"
"0761","Danja","Bürgisser","07.06.1976","180","98","","X","","Brown"
,"Estelle","Roose",,,,,
"0762","Natascha","Otth","09.04.1927","175","67","","X","","Red"
,"Delia","Schindler",,,,,
"0763","Yannik","Bertozzi","06.01.1968","174","88","","X","","Blonde"
"0764","Luc","Müller","22.01.1964","175","89","","X","","Blonde"
"0765","Matthew","Dublanc","13.11.1960","189","108","","","X","Red"
"0766","Emanuel","Gentina","20.03.42","174","67","","X","","Blonde"
"0767","Jona","Hasler","15.06.88","170","85","","X","","Black"
,"Massimiliano","Kuster",,,,,
"0768","Leandra","Greiner-Tschudi","12.05.1930","181","84","","X","","Brown"
"0769","Luc","Walpoth","27.05.1961","177","66","","X","","Red"
"0770","Aicha","Rufer","20.02.1978","182","87","","X","","Brown"
"0771","Paul","Strassmann","04.01.1948","175","79","","X","","Black"
"0772","Calvin","Beytekin","30.01.1953","163","67","X","","","Black"
"0773","Salome","Jordi","23.12.1918","174","71","","X","","Red"
"0774","STEPHANIE","Bagattini","08.06.1907","169","70","","X","","Brown"
"0775","Iris","Ziltener","10.01.1925","171","67","","X","","Grey"
"0776","Labinot","Seiler","22.12.1928","174","71","","X","","Red"
,"Valentine","Winizki",,,,,
"0777","TIMOTHÉE","Kleger","23.04.1959","170","67","","X","","Black"
"0778","Ardian","Schmid","29.04.00","177","76","","X","","Gray"
"0779","Marta","Rusterholz","11.10.1942","182","87","","X","","Red"
,"Leonora","Meury",,,,,
"0780","Janina","Röhricht","15.04.1953","192","85","","","X","Blonde"
"0781","Emanuele","Guggenbühl","01.05.1916","179","77","","X","","Brown"
,"Felicia","Suter Reich",,,,,
"0782","Arthur","Streich","04.06.1929","179","82","","X","","Red"
"0783","Georg","Kircali","20.06.1971","181","102","","X","","Black"
"0784","Samuele","Bourgeois","21.01.1994","183","67","","","X","Red"
"0785","Azra","Siev","04.04.1989","179","77","","X","","Red"
"0786","André","von Siebenthal","02.09.1987","174","82","","X","","Brown"
"0787","Kristin","Käppeli","12.03.1962","181","96","","X","","Blonde"
"0788","Lorene","Benz","22.10.1968","181","66","","X","","Grey"
"0789","MYRIAM","Schoder","22.04.1921","163","69","X","","","Brown"
"0790","Leroy","Wiesmann","03.12.1956","162","57","X","","","Blonde"
"0791","Tiziana","Roth","10.08.1909","185","90","","","X","Grey"
"0792","Thomas","Kromer Kübler","26.01.1999","174","61","","X","","Grey"
"0793","Dafina","Güler","28.08.1926","173","82","","X","","Red"
,"Ivo","Bösch",,,,,
"0794","Steven","Rabelbauer","28.08.1906","165","67","X","","","Brown"
"0795","Gamze","Rauser","11.01.37","178","84","","X","","Grey"
"0796","Filipe","Rolle","19.06.1983","169","60","","X","","Black"
"0797","Rina","Vogelbacher","03.11.1973","178","98","","X","","Grey"
"0798","Lucas","Michlig","30.04.1913","183","90","","","X","Blonde"
"0799","Natascha","Marchand","04.10.1982","177","89","","X","","Grey"
,"Besart","Merz-Tanören",,,,,
"0800","Aurelie","Kälin","31.08.1994","175","75","","X","","Black"
,"Flamur","Faist",,,,,
"0801","Lauriane","Angst","07.02.1914","171","76","","X","","Red"
"0802","Giulio","Gutierrez","15.06.1997","160","58","X","","","Black"
"0803","Ralph","Epprecht","09.09.1949","178","92","","X","","Grey"
"0804","Kelly","Widmer-Urfer","20.01.1985","171","86","","X","","Brown"
"0805","Dino","Graf Füchslin","13.02.1972","176","81","","X","","Blonde"
"0806","Emre","Gerber","03.04.1920","177","86","","X","","Red"
"0807","Soraia","Gambaro","21.09.1999","173","68","","X","","Blonde"
"0808","Arbenita","Eberle","13.05.1977","172","74","","X","","Blonde"
"0809","Nemanja","Zahner","04.05.1960","173","78","","X","","Brown"
"0810","Kevin","Stäheli","09.09.1976","186","93","","","X","Blonde"
,"Niklas","Vogel",,,,,
"0811","Alberto","Obrist","19.12.1967","174","83","","X","","Red"
"0812","Marisa","Virag Jansen","11.07.1972","179","89","","X","","Blonde"
"0813","PATRICIA","Oeschger","21.02.1988","165","79","X","","","Blonde"
"0814","Quirin","Ruch","12.07.05","177","77","","X","","Blonde"
"0815","Gresa","Fäh","17.01.1909","172","87","","X","","Blonde"
,"Nikola","Engesser",,,,,
"0816","Aimée","Lauer","09.10.1910","176","84","","X","","Brown"
,"Liridona","Schwab",,,,,
"0817","Nadin","Dominguez","19.11.1930","184","97","","","X","Blonde"
"0818","Nevena","Winizki","24.09.53","165","78","X","","","Blonde"
"0819","Valentino","Wahlen-Lattner","14.10.1957","166","72","X","","","Grey"
"0820","Larissa","Winiger","05.11.1942","170","73","","X","","Blonde"
"0821","MICHAELA","Schelling","05.12.1941","179","72","","X","","Blonde"
"0822","Sabine","Meloni","19.07.1944","170","74","","X","","Brown"
"0823","ROMANA","Fehlmann","24.12.1942","176","98","","X","","Red"
,"Niels","Grob",,,,,
"0824","Fatlum","Pfister","04.10.1936","173","72","","X","","Blonde"
"0825","Janice","Garcia","17.02.1904","174","76","","X","","Black"
"0826","Lucia","Egli Kyburz","21.08.1919","168","86","","X","","Grey"
"0827","LUCIEN","Brack","14.11.1917","181","81","","X","","Brown"
"0828","Filipe","Züst-Gericke","06.06.1910","181","78","","X","","Blonde"
"0829","Mariano","Peske","04.08.1930","170","75","","X","","Red"
"0830","Malik","Rutherfoord","03.09.1903","177","92","","X","","Grey"
"0831","Iris","Strub Bleisch","04.01.53","172","65","","X","","Blonde"
"0832","Matthew","Akyol","18.11.1953","182","99","","X","","Blonde"
"0833","Katrin","Fritzsche","18.10.1904","178","85","","X","","Grey"
"0834","Merlin","Faga","20.03.1966","165","66","X","","","Blonde"
"0835","Peter","Regli","04.01.1991","178","62","","X","","Blonde"
"0836","Boris","Kleisli","08.07.1904","195","99","","","X","Blonde"
"0837","Albin","Grob","12.12.1901","162","73","X","","","Red"
"0838","Mael","Nicolussi","22.11.1945","172","67","","X","","Blonde"
"0839","Margaux","Schiller","12.09.1970","174","81","","X","","Red"
"0840","Alexander","Jenny","22.02.1923","167","69","X","","","Red"
"0841","Estelle","Schleifer","09.02.1927","173","70","","X","","Blonde"
"0842","Yael","Wiesmann","28.07.1979","176","75","","X","","Blonde"
"0843","Zilan","Seitler","03.10.1967","172","72","","X","","Grey"
,"Christopher","Maggi",,,,,
"0844","Vlora","Merz-Tanören","23.06.1967","178","69","","X","","Black"
"0845","Bastian","Bührig","23.10.1990","180","70","","X","","Brown"
"0846","Muriel","Ruch","14.04.1905","176","68","","X","","Red"
"0847","Aischa","Hensch Frei","10.01.1941","174","74","","X","","Black"
,"Simon","Schaub",,,,,
"0848","Milica","Hari-Ott","21.10.1937","175","92","","X","","Brown"
"0849","Eduardo","Praxmarer","01.05.1921","170","70","","X","","Brown"
"0850","Solène","Müller Rusch","24.07.66","173","65","","X","","Red"
"0851","Nadia","Frei","06.01.1997","176","85","","X","","Black"
"0852","Danaë","Hürner","22.09.1910","178","73","","X","","Brown"
"0853","Mary","Higi","25.12.1970","163","59","X","","","Brown"
,"Marta","Rusterholz",,,,,
"0854","Emine","Kohler","10.05.1940","181","75","","X","","Blonde"
"0855","Hilal","Babini","13.08.1990","167","64","X","","","Black"
"0856","DAPHNE","Karakus","02.07.1940","173","83","","X","","Blonde"
,"Swen","Grieder-Martens",,,,,
"0857","Özge","Binggeli Schommer","15.08.1971","172","75","","X","","Grey"
,"Georg","Kircali",,,,,
"0858","Noa","Schmid","05.01.05","173","72","","X","","Red"
"0859","Adnan","Stäheli","20.05.1925","177","72","","X","","Grey"
"0860","Pablo","Wyttenbach","19.10.1960","182","80","","X","","Red"
"0861","GENTIANA","Samter","23.04.1914","177","76","","X","","Grey"
"0862","Duncan","Stettler","11.10.1990","173","72","","X","","Red"
"0863","Michele","Nerlich","12.12.1918","183","89","","","X","Red"
"0864","Morgane","Cavegn","23.04.1932","174","84","","X","","Black"
"0865","Angelo","Gutmann","01.08.1978","174","82","","X","","Red"
"0866","Can","Singer","28.12.1981","174","90","","X","","Grey"
"0867","Nikola","Schönenberger","16.10.1928","168","66","","X","","Black"
"0868","Silvio","Gähler","31.05.1993","169","86","","X","","Black"
"0869","Samuel","Schwarz","29.11.51","177","86","","X","","Brown"
"0870","Sina","Meloni","08.10.1957","185","92","","","X","Grey"
"0871","Dajana","Witzig","20.06.02","167","71","X","","","Red"
"0872","Cynthia","Grob","03.12.1966","172","76","","X","","Red"
"0873","Gresa","Wälle","29.09.1904","183","93","","","X","Blonde"
"0874","Rina","Weyermann","05.08.1968","177","63","","X","","Blonde"
"0875","Alison","Kleinhans","28.10.1942","174","63","","X","","Brown"
"0876","Raoul","Ruh","24.07.1982","187","89","","","X","Black"
"0877","Cheryl","Ott Hari","31.05.1957","179","81","","X","","Blonde"
,"Ahmed","Gredig",,,,,
"0878","Liv","Gerth","27.08.1904","165","70","X","","","Blonde"
"0879","Georgia","Falusi","06.10.1953","184","99","","","X","Blonde"
"0880","Leroy","Marshall Okolie","23.08.1970","189","89","","","X","Brown"
"0881","Yaren","Claude","23.11.1907","178","68","","X","","Grey"
"0882","Yves","Brugger-Wendelspiess","17.07.1902","160","73","X","","","Grey"
"0883","DAJANA","Anderegg Kovarik","10.12.1971","174","66","","X","","Grey"
"0884","MARCEL","Scotoni Berger","04.09.1943","176","80","","X","","Grey"
"0885","Audrey","Strub Bleisch","17.08.1926","187","89","","","X","Grey"
"0886","Camille","Marty","18.02.75","179","89","","X","","Black"
"0887","ELSA","Brunschweiler","07.05.1999","172","62","","X","","Black"
"0888","Moreno","Arnold","18.11.1915","170","74","","X","","Blonde"
"0889","Sébastien","Wyttenbach","19.01.1937","172","72","","X","","Grey"
"0890","VALERIO","van der Waerden Hrusovszky","20.09.1921","182","87","","X","","Blonde"
"0891","Haris","Jäger","15.11.1959","163","56","X","","","Blonde"
"0892","Stefanie","Cassee","26.10.1934","186","83","","","X","Red"
"0893","Ilija","Greco","08.02.1972","170","60","","X","","Blonde"
"0894","Sylvain","Rauser","05.02.1982","174","73","","X","","Brown"
"0895","Allison","Epprecht","18.10.1994","173","69","","X","","Black"
"0896","Jeffrey","Bär","19.03.1940","183","85","","","X","Brown"
"0897","Robin","Danner","21.09.1971","185","79","","","X","Brown"
,"Vincent","Bigger",,,,,
"0898","Myriam","Wettstein","31.05.35","179","90","","X","","Blonde"
"0899","Lucia","Wyttenbach","24.01.1911","168","71","","X","","Grey"
"0900","Viviane","Grieder-Martens","19.06.1982","160","60","X","","","Brown"
"0901","Yoan","Bourgeois","26.02.1929","177","70","","X","","Gray"
"0902","Tina","Fehlmann","05.07.1907","164","79","X","","","Red"
"0903","Jannik","Flüeler","24.01.32","181","82","","X","","Brown"
"0904","Labinot","Berke","29.08.1903","184","88","","","X","Black"
"0905","Julius","Trunz","05.02.1942","173","86","","X","","Blonde"
"0906","MARIANO","Illi","07.01.1970","171","63","","X","","Grey"
"0907","Maxime","Inderbitzin","16.12.1947","181","85","","X","","Blonde"
"0908","Lorenzo","Ponti-Weder","15.01.1923","176","75","","X","","Brown"
"0909","Fatlum","Wernli","29.12.1982","182","100","","X","","Brown"
"0910","Jonas","Hofmann","16.09.1924","179","85","","X","","Brown"
"0911","Jannik","Reich","14.04.1972","177","78","","X","","Black"
"0912","Majlinda","Rothenfluh","25.10.1985","179","77","","X","","Blonde"
"0913","Nancy","Ulcay","22.06.93","172","80","","X","","Red"
"0914","Sanja","Schindler","28.08.1918","173","72","","X","","Blonde"
,"Lilian","Merki",,,,,
"0915","Devin","Malla","28.07.1946","177","83","","X","","Blonde"
"0916","Robert","Traber","24.01.1974","179","69","","X","","Blonde"
"0917","Loredana","Spaar-Bessire","04.07.47","167","69","X","","","Brown"
"0918","Delia","Leutenegger","22.01.1981","177","84","","X","","Black"
"0919","Dana","Gross","05.02.1988","177","90","","X","","Black"
"0920","TRACY","Haller","14.03.1930","170","67","","X","","Brown"
"0921","Merve","Amzai","09.06.1988","172","57","","X","","Grey"
,"Osman","Gisler",,,,,
"0922","Nico","Wagner","18.04.1924","174","61","","X","","Blonde"
"0923","KILIAN","Riser","05.09.1954","155","68","X","","","Red"
"0924","Ariana","Kobler","08.12.1966","172","65","","X","","Grey"
"0925","MIKA","Winteler","24.04.1995","172","64","","X","","Red"
"0926","Sydney","Lukas-Umbricht","20.08.1938","182","84","","X","","Grey"
"0927","Roy","Ackermann","05.06.1951","185","70","","","X","Red"
"0928","Armend","Schwarz","27.06.1941","186","86","","","X","Blonde"
"0929","Marigona","Salvisberg","23.11.1974","180","70","","X","","Brown"
"0930","Danielle","Pavone","21.05.1912","177","81","","X","","Brown"
"0931","Leila","Frei","15.03.1921","177","64","","X","","Black"
"0932","Zoe","Alder","10.02.1906","173","71","","X","","Grey"
"0933","Levin","Oeschger","18.11.1900","175","91","","X","","Black"
"0934","Violeta","Keim","21.09.1907","159","72","X","","","Brown"
"0935","BRIAN","Stocker","01.07.1957","181","74","","X","","Blonde"
"0936","Noa","Schiwow","27.02.1938","165","76","X","","","Red"
"0937","Alen","Büchi","08.10.1989","171","84","","X","","Blonde"
"0938","Maurizio","Furrer","16.06.1969","180","81","","X","","Blonde"
"0939","Laura","Blumenthal","04.07.1956","164","57","X","","","Red"
"0940","Anika","Nicolussi","03.05.1954","185","80","","","X","Red"
,"Damian","Tröndle",,,,,
"0941","Leonie","Zimmermann","08.06.1984","167","56","X","","","Black"
,"Adnan","Stäheli",,,,,
"0942","Alexandra","Diggelmann","25.08.1925","176","62","","X","","Blonde"
"0943","Antonin","Zschokke-Gohl","02.06.1996","181","104","","X","","Grey"
"0944","Edison","Markarian","21.01.1976","178","82","","X","","Brown"
"0945","Arnaud","Burger","15.10.1946","173","76","","X","","Blonde"
"0946","Silvana","Geissbühler","10.04.1935","174","73","","X","","Black"
"0947","Levi","Lanker","16.08.1975","179","74","","X","","Black"
"0948","Timothée","Tumay","23.05.1991","175","78","","X","","Grey"
,"Leo","Rösch",,,,,
"0949","Mathias","Samter","07.05.1972","183","105","","","X","Grey"
"0950","Antonella","Dünki","28.04.1923","174","78","","X","","Brown"
"0951","Ariana","Ryf","17.04.1927","165","73","X","","","Black"
"0952","Laila","Campanello","01.05.1912","177","86","","X","","Brown"
"0953","Romano","Capraro","25.04.1910","174","81","","X","","Brown"
"0954","Helene","Bruderer","31.01.1959","169","79","","X","","Grey"
"0955","Clea","Cotardo","10.08.1990","183","89","","","X","Brown"
"0956","Simon","Siegenthaler","13.06.1968","165","67","X","","","Black"
,"Gresa","Wälle",,,,,
"0957","Besmir","Negro","21.06.1982","183","90","","","X","Red"
"0958","Siro","Baumer","30.05.1957","177","93","","X","","Grey"
,"Luan","Gentina",,,,,
"0959","JULIAN","Maritz","06.08.1984","176","79","","X","","Grey"
"0960","Regula","Spiess","25.06.1915","177","79","","X","","Red"
"0961","Georgia","Gass","08.03.1967","166","69","X","","","Red"
"0962","Moreno","Lerch","28.05.1928","172","66","","X","","Grey"
"0963","Mustafa","Riniker","12.04.1991","178","101","","X","","Brown"
"0964","Natasa","Bazzell","17.04.1905","173","85","","X","","Red"
"0965","Cinzia","Egli Kyburz","12.09.1926","180","73","","X","","Red"
,"Yves","Brugger-Wendelspiess",,,,,
"0966","Vincenzo","Stählin","19.10.1918","174","80","","X","","Blonde"
"0967","Fabio","Sanz","25.07.1921","174","82","","X","","Grey"
"0968","Simone","Keim","14.08.1918","172","69","","X","","Brown"
"0969","Cornel","Brugger","16.11.1926","173","77","","X","","Blonde"
"0970","Simona","Meloni","24.11.1947","167","67","X","","","Blonde"
"0971","Timothy","Schoder","22.07.1996","174","74","","X","","Brown"
"0972","Jovana","Nikolic Singer","01.04.1954","187","79","","","X","Black"
,"Gillian","Roose",,,,,
"0973","Liv","Güntensperger-Alioth","27.04.1951","177","86","","X","","Black"
"0974","Arian","Santos Quadrio Neves-Demiroglu","30.10.1973","173","80","","X","","Black"
"0975","Yvan","Schwarz","14.02.1921","163","72","X","","","Grey"
"0976","Andrijana","Barbadimos","07.02.1964","167","83","X","","","Black"
"0977","Serge","Düsel","28.01.1942","185","73","","","X","Blonde"
"0978","Mladen","Brunner","12.09.1953","169","75","","X","","Blonde"
"0979","Tim","Tappeiner","14.01.1912","168","68","","X","","Red"
"0980","Nadège","Egloff","20.05.1961","169","75","","X","","Black"
"0981","Tania","Bielmann","31.05.1990","169","85","","X","","Grey"
"0982","Leandra","Gitermann","31.03.1909","178","60","","X","","Red"
"0983","FABRIZIO","Reichlin","11.11.1903","186","76","","","X","Grey"
"0984","Emma","Capraro","27.10.69","172","74","","X","","Brown"
"0985","Pietro","Schaub","12.07.1951","182","81","","X","","Blonde"
"0986","Cornel","Müller Rusch","10.03.27","168","72","","X","","Brown"
"0987","Urs","Zschokke-Gohl","13.05.1947","169","63","","X","","Black"
"0988","Nenad","Kleinhans","09.08.1918","179","65","","X","","Brown"
"0989","Arbnor","Salvisberg","16.09.1956","168","69","","X","","Grey"
"0990","Olivier","Bollag","10.04.1934","160","64","X","","","Blonde"
"0991","Didier","Loup","27.01.1943","166","75","X","","","Grey"
"0992","Gioele","Meuli","17.01.1952","163","67","X","","","Red"
"0993","Anouk","Weber Andenmatten","05.05.1912","179","63","","X","","Brown"
"0994","Monika","Otth","08.11.1939","174","92","","X","","Red"
"0995","Anna","Brack","03.02.1970","178","74","","X","","Red"
"0996","Kenza","Maloberti","27.10.17","177","98","","X","","Brown"
"0997","Lilian","Dübendorfer","04.07.1901","168","60","","X","","Red"
"0998","ARBNOR","Yetergil Kiefer","16.05.1976","164","65","X","","","Brown"
"0999","Clara","Wernli","27.03.1912","166","66","X","","","Grey"
"1000","Dani","Herger","16.07.1929","156","63","X","","","Red"